{
  "n_samples": 1539414,
  "d": 5,
  "explained_variance_ratio": [
    0.29279768466949463,
    0.27913954854011536,
    0.24177908897399902,
    0.18628348410129547,
    1.560019171620297e-07
  ],
  "cumulative_explained_variance": [
    0.29279768466949463,
    0.5719372034072876,
    0.8137162923812866,
    0.9999997615814209,
    0.9999999403953552
  ],
  "components_abs": [
    [
      0.2962088882923126,
      0.4633183181285858,
      0.49192166328430176,
      0.6389287114143372,
      0.21766860783100128
    ],
    [
      0.2957228720188141,
      0.873268187046051,
      0.16631102561950684,
      0.33939433097839355,
      0.08427786082029343
    ],
    [
      0.8108352422714233,
      0.1507621705532074,
      0.5378857254981995,
      0.011745006777346134,
      0.1742354780435562
    ],
    [
      0.27426186203956604,
      0.0024974385742098093,
      0.16873861849308014,
      0.5238978862762451,
      0.7885635495185852
    ],
    [
      0.30353742837905884,
      0.001818378339521587,
      0.6423082947731018,
      0.4494158923625946,
      0.5415968298912048
    ]
  ]
}